round,loss,attraction,anchor_loss,repulsion_raw,repulsion_scaled,repulsion_attraction_ratio,repulsion_anchor_ratio,trustworthiness,continuity,knn_accuracy,anchor_utilization,mean_nearest_anchor_distance,max_nearest_anchor_distance,runtime_seconds,encoder_upload_bytes,anchor_upload_bytes,encoder_download_bytes,anchor_download_bytes,total_upload_bytes,total_download_bytes
1,0.04568741493494599,6.871103687444702e-05,3.1225526981870644e-05,4.558748245239258,0.04558748006820679,662.9865048617345,1458.0772437263984,0.6410728915662651,0.8186192771084337,0.0702,"[5.2%, 9.2%, 2.2%, 1.6%, 24.6%, 18.6%, 0.7%, 15.9%, 3.1%, 18.9%]",0.04122673347592354,0.24823126196861267,6.015139818191528,4531216,80,4531216,80,4531296,4531296
2,0.08643057569861412,5.863394653715659e-05,8.397338388022035e-05,8.628797054290771,0.0862879678606987,1469.264344739674,1027.3722116290137,0.6583699297188754,0.844744126506024,0.2293,"[0.0%, 92.0%, 0.0%, 0.0%, 0.0%, 0.0%, 0.0%, 5.9%, 0.0%, 2.1%]",0.09947409480810165,0.19368410110473633,4.99196982383728,4531216,80,4531216,80,4531296,4531296
3,0.05521656759083271,0.00022068529506213963,0.010165618266910315,4.4830262660980225,0.044830262660980225,203.05055907984405,4.410044290200453,0.6408378012048193,0.7968863955823293,0.2785,"[0.0%, 0.5%, 0.0%, 0.1%, 29.9%, 0.0%, 0.0%, 0.0%, 0.0%, 69.6%]",0.05491713061928749,0.10413303226232529,4.793684720993042,4531216,80,4531216,80,4531296,4531296
4,0.059074100106954575,5.877770854567643e-05,0.0031699336832389235,5.584539175033569,0.055845389142632484,948.5646454575156,17.616780782040053,0.6239397590361446,0.7784730421686747,0.2366,"[0.0%, 0.0%, 0.0%, 0.0%, 26.3%, 0.0%, 0.0%, 0.0%, 0.0%, 73.7%]",0.16701090335845947,0.34551066160202026,4.728427171707153,4531216,80,4531216,80,4531296,4531296
5,0.06504584476351738,0.00028126672259531915,0.02911886852234602,3.5645707845687866,0.035645708441734314,126.69187184104136,1.224145408911168,0.6167249497991968,0.7868828313253012,0.2437,"[0.0%, 0.2%, 0.0%, 0.0%, 0.0%, 0.0%, 0.0%, 0.0%, 0.0%, 99.7%]",0.05991522595286369,0.09351658821105957,11.005371809005737,4531216,80,4531216,80,4531296,4531296
6,0.05696851573884487,3.250424379075412e-05,0.00364868575707078,5.32873272895813,0.0532873272895813,1634.4026755201885,14.604125241107049,0.6287039658634538,0.7977365963855422,0.2411,"[0.0%, 0.0%, 0.0%, 0.0%, 0.0%, 0.0%, 0.0%, 0.0%, 0.0%, 100.0%]",0.14919014275074005,0.27670028805732727,11.107056856155396,4531216,80,4531216,80,4531296,4531296
7,0.060181839391589165,0.0001785707936505787,0.022921934723854065,3.708133339881897,0.03708133287727833,207.54447396625216,1.6177161343700746,0.6169796184738956,0.8001545180722891,0.2374,"[0.0%, 3.8%, 0.0%, 0.0%, 0.0%, 0.0%, 0.0%, 0.0%, 0.0%, 96.2%]",0.05798156186938286,0.08350958675146103,4.928720951080322,4531216,80,4531216,80,4531296,4531296
8,0.056406402960419655,2.709848286031047e-05,0.0033992802491411567,5.298002481460571,0.05298002436757088,1947.8927517002414,15.585149200858678,0.6408335843373494,0.796133985943775,0.2458,"[0.0%, 2.6%, 0.0%, 0.0%, 0.0%, 0.0%, 0.0%, 0.0%, 0.0%, 97.4%]",0.13313256204128265,0.25265878438949585,4.909034252166748,4531216,80,4531216,80,4531296,4531296
9,0.056980200111866,0.0001351051396341063,0.018189361318945885,3.865573763847351,0.038655735552310944,285.90599188963944,2.1251748868769984,0.6164095381526105,0.7984373995983935,0.2135,"[0.0%, 6.6%, 0.0%, 0.0%, 0.0%, 0.0%, 0.0%, 0.0%, 0.0%, 93.4%]",0.056195151060819626,0.07951664179563522,4.838245868682861,4531216,80,4531216,80,4531296,4531296
10,0.055983660742640495,2.0509526621026453e-05,0.0031846071360632777,5.2778544425964355,0.052778543904423714,2560.885021353929,16.572434485480905,0.6373422690763052,0.7942305722891566,0.2262,"[0.0%, 48.8%, 0.0%, 0.0%, 0.0%, 0.0%, 0.0%, 0.0%, 0.0%, 51.2%]",0.1225707158446312,0.23461760580539703,4.532365322113037,4531216,80,4531216,80,4531296,4531296
11,0.05521819554269314,0.00011422435636632144,0.01538899214938283,3.971498131752014,0.03971497900784016,347.388199101221,2.5807275741427427,0.6227955823293172,0.7993383534136547,0.2025,"[0.0%, 7.5%, 0.0%, 0.0%, 0.0%, 0.0%, 0.0%, 0.0%, 0.0%, 92.5%]",0.054552171379327774,0.07916238158941269,4.699865818023682,4531216,80,4531216,80,4531296,4531296
12,0.0556588564068079,1.936500757437898e-05,0.003001709235832095,5.263778209686279,0.05263778194785118,2704.213651062203,17.535282236533043,0.6243894076305221,0.7786329317269076,0.2329,"[0.0%, 58.8%, 0.0%, 0.0%, 0.0%, 0.0%, 0.0%, 0.0%, 0.0%, 41.2%]",0.11432848870754242,0.22453176975250244,7.8999340534210205,4531216,80,4531216,80,4531296,4531296
13,0.054093435406684875,0.00010408338494016789,0.013408335857093334,4.058101654052734,0.04058101586997509,389.5165994431659,3.0265318289949152,0.6276224397590362,0.801770532128514,0.2061,"[0.0%, 9.9%, 0.0%, 0.0%, 0.0%, 0.0%, 0.0%, 0.0%, 0.0%, 90.1%]",0.05201517045497894,0.07238253951072693,6.317806959152222,4531216,80,4531216,80,4531296,4531296
14,0.05549333430826664,1.5989042367436923e-05,0.0027240030467510223,5.275334358215332,0.05275334231555462,3278.818825521931,19.365340424867114,0.63838890562249,0.782542218875502,0.2245,"[0.0%, 75.2%, 0.0%, 0.0%, 0.0%, 0.0%, 0.0%, 0.0%, 0.0%, 24.8%]",0.10905160009860992,0.21364177763462067,7.239699125289917,4531216,80,4531216,80,4531296,4531296
15,0.053293926641345024,9.341858458356e-05,0.012185012456029654,4.101549386978149,0.041015494614839554,438.58119811434545,3.3660386547406063,0.6289582329317269,0.7988423192771085,0.2149,"[0.0%, 19.1%, 0.0%, 0.0%, 0.0%, 0.0%, 0.0%, 0.0%, 0.0%, 80.9%]",0.051968544721603394,0.07744255661964417,6.6743247509002686,4531216,80,4531216,80,4531296,4531296
16,0.05491015501320362,1.6859880815900397e-05,0.0027266863035038114,5.216660976409912,0.05216660909354687,3075.8710027728685,19.13109297509537,0.6370689257028113,0.7865659136546185,0.2393,"[0.0%, 80.3%, 0.0%, 0.0%, 0.0%, 0.0%, 0.0%, 0.0%, 0.0%, 19.7%]",0.10982205718755722,0.21434833109378815,11.970175504684448,4531216,80,4531216,80,4531296,4531296
17,0.052973367273807526,9.044738544616848e-05,0.012328719720244408,4.055420160293579,0.04055420123040676,447.88187110489434,3.289388507686584,0.6264326305220884,0.8075987449799197,0.2096,"[0.0%, 11.5%, 0.0%, 0.0%, 0.0%, 0.0%, 0.0%, 0.0%, 0.0%, 88.5%]",0.05063426122069359,0.076446533203125,4.755060434341431,4531216,80,4531216,80,4531296,4531296
18,0.05462785065174103,1.623070966161322e-05,0.0025859723100438714,5.20256495475769,0.05202564783394337,3185.761409748391,20.117550531046824,0.6269775100401607,0.7853731425702811,0.2302,"[0.0%, 62.4%, 0.0%, 0.0%, 0.0%, 0.0%, 0.0%, 0.0%, 0.0%, 37.6%]",0.10529078543186188,0.20473730564117432,7.768128871917725,4531216,80,4531216,80,4531296,4531296
19,0.05234305374324322,8.466270446660928e-05,0.011335703544318676,4.092268705368042,0.04092268645763397,482.7950268969348,3.6100429865557215,0.634331375502008,0.7943451305220883,0.1925,"[0.0%, 17.6%, 0.0%, 0.0%, 0.0%, 0.0%, 0.0%, 0.0%, 0.0%, 82.4%]",0.049408603459596634,0.07345011085271835,5.937269687652588,4531216,80,4531216,80,4531296,4531296
20,0.05426184646785259,1.6187016626645345e-05,0.002461165189743042,5.178449630737305,0.05178449489176273,3179.483321853323,21.039694647346636,0.6268385542168675,0.7759924698795181,0.2052,"[0.0%, 88.8%, 0.0%, 0.0%, 0.0%, 0.0%, 0.0%, 0.0%, 0.0%, 11.2%]",0.10466065257787704,0.20261721312999725,7.637621641159058,4531216,80,4531216,80,4531296,4531296
