round,loss,attraction,repulsion_local,repulsion_surrogate,trustworthiness,continuity,knn_accuracy,runtime_seconds,upload_bytes,download_bytes
0,1.0881974604552922,0.41074558819047474,1.2661021707814708,0.044400786991912945,0.8205971385542169,0.9421775602409639,0.544,35.62945604324341,4551216,4551216
1,0.7113808972233391,0.33304067545986826,0.6999172785990068,0.028381581697136213,0.8766152108433735,0.9556532630522089,0.67,37.17271423339844,4551216,4551216
2,0.6696497601657191,0.28374395008380093,0.6219440101560065,0.07493380707634593,0.9042421184738956,0.9587551204819277,0.7825,36.75723457336426,4551216,4551216
3,0.6397263803376272,0.2741175108039339,0.5499429331501189,0.09063740307306267,0.9161537148594378,0.959993373493976,0.829,36.911651849746704,4551216,4551216
4,0.5764701823630838,0.2817675031136734,0.4914099121968494,0.048997722623342135,0.9171467871485943,0.9584781124497992,0.85,39.35841965675354,4551216,4551216
5,0.5128688481175452,0.26852498335744746,0.4713158536282822,0.008685938022689459,0.9248027108433735,0.9589060742971888,0.8685,39.37453627586365,4551216,4551216
6,0.49247237744998607,0.2576048380024604,0.45911546397331227,0.005309806810124528,0.9246507530120482,0.9590400100401606,0.885,39.99501967430115,4551216,4551216
7,0.4794423368603703,0.252829086709348,0.44743342651848905,0.0028965374842499325,0.9306602911646586,0.9592996987951807,0.9,40.16679120063782,4551216,4551216
8,0.47020750841183057,0.24824592496551345,0.43936638905326664,0.0022783890141843885,0.9323089859437751,0.9594493975903614,0.8955,39.70082092285156,4551216,4551216
9,0.4642062558960996,0.24632490540730667,0.43074413228767316,0.002509283995611034,0.9349596385542168,0.9594525602409638,0.893,45.05285382270813,4551216,4551216
10,0.4585077460003387,0.24329308789134432,0.42359046592240446,0.0034194245753133767,0.9314377008032129,0.9567160642570282,0.8935,45.1748731136322,4551216,4551216
11,0.4602604086285158,0.2446055016877708,0.41790584431573397,0.006701985127380978,0.9338916666666667,0.9580576305220884,0.9015,43.81566381454468,4551216,4551216
12,0.4609816943520979,0.24218333810059284,0.4220938089052565,0.007751451676591673,0.9339168674698796,0.9575563253012048,0.892,44.48841428756714,4551216,4551216
13,0.44770565069576174,0.23855521964742055,0.41385662342094315,0.002222118912033612,0.9333641566265061,0.9585092369477912,0.9125,43.76013135910034,4551216,4551216
14,0.44613748280261567,0.23738972156121055,0.41222119117759604,0.002637165406975998,0.9345801706827309,0.9585710341365462,0.91,42.55203175544739,4551216,4551216
15,0.44359027245956073,0.23590404202099952,0.4111880396616744,0.0020922104603361713,0.9348604417670683,0.9581849899598394,0.9035,43.21657347679138,4551216,4551216
16,0.4422473872379231,0.23440390896471694,0.4086783307099098,0.0035043132450609787,0.936154718875502,0.9574215361445784,0.9185,43.976640939712524,4551216,4551216
17,0.43799707176538866,0.23390385864537733,0.40484402005786374,0.001671202672407702,0.9354125502008033,0.9582465863453815,0.915,44.10221838951111,4551216,4551216
18,0.44075989494348145,0.2325779623495027,0.4045010219254998,0.005931420955930538,0.9391200803212851,0.9581567269076305,0.9235,43.49714970588684,4551216,4551216
19,0.4338641518110301,0.2327095032907997,0.39737883327153767,0.002465233149845014,0.9375143574297189,0.9580792670682731,0.9195,43.68916153907776,4551216,4551216
