mode,round,loss,attraction,anchor_loss,repulsion_raw,repulsion_scaled,trustworthiness,continuity,knn_accuracy,anchor_utilization
A_attraction_only,1,6.871103687444702e-05,6.871103687444702e-05,0.0,0.0,0.0,0.6004605421686746,0.7571628012048193,0.1952,"[0.0%, 2.0%, 0.0%, 13.4%, 55.5%, 0.0%, 15.5%, 0.1%, 0.1%, 13.3%]"
A_attraction_only,2,2.5423122679057997e-05,2.5423122679057997e-05,0.0,0.0,0.0,0.5990894076305221,0.7402901606425702,0.1718,"[0.0%, 0.0%, 0.0%, 29.9%, 62.1%, 0.0%, 7.5%, 0.0%, 0.0%, 0.5%]"
A_attraction_only,3,1.2611656529770698e-05,1.2611656529770698e-05,0.0,0.0,0.0,0.6315160642570281,0.781687248995984,0.2032,"[0.8%, 2.4%, 0.4%, 8.1%, 46.9%, 0.3%, 31.6%, 0.5%, 0.1%, 8.9%]"
A_attraction_only,4,1.1408583304728381e-05,1.1408583304728381e-05,0.0,0.0,0.0,0.6213575301204819,0.761278765060241,0.2124,"[0.0%, 0.0%, 0.0%, 96.2%, 2.5%, 0.0%, 1.3%, 0.0%, 0.0%, 0.0%]"
A_attraction_only,5,8.998485100164544e-06,8.998485100164544e-06,0.0,0.0,0.0,0.6091913654618474,0.7591702309236947,0.2022,"[0.0%, 0.8%, 0.0%, 1.4%, 81.1%, 0.0%, 7.5%, 0.0%, 0.0%, 9.1%]"
A_attraction_only,6,7.265641215781216e-06,7.265641215781216e-06,0.0,0.0,0.0,0.6020619979919679,0.7557940261044177,0.2166,"[0.0%, 0.0%, 0.0%, 93.1%, 3.4%, 0.0%, 3.5%, 0.0%, 0.0%, 0.0%]"
A_attraction_only,7,5.683507879439276e-06,5.683507879439276e-06,0.0,0.0,0.0,0.6085564759036144,0.7525910642570282,0.1983,"[0.0%, 0.1%, 0.0%, 0.0%, 76.4%, 0.0%, 0.0%, 0.0%, 0.0%, 23.5%]"
A_attraction_only,8,3.666374709609954e-06,3.666374709609954e-06,0.0,0.0,0.0,0.6057747489959839,0.736275451807229,0.2017,"[0.0%, 0.0%, 0.0%, 89.9%, 2.9%, 0.0%, 7.2%, 0.0%, 0.0%, 0.0%]"
A_attraction_only,9,3.234687028452754e-06,3.234687028452754e-06,0.0,0.0,0.0,0.5858637048192771,0.7232144578313253,0.1851,"[0.0%, 0.0%, 0.0%, 0.0%, 95.7%, 0.0%, 0.0%, 0.0%, 0.0%, 4.3%]"
A_attraction_only,10,2.0360057533252984e-06,2.0360057533252984e-06,0.0,0.0,0.0,0.5878573795180723,0.7280125,0.1935,"[0.0%, 0.0%, 0.0%, 60.2%, 14.8%, 0.0%, 24.9%, 0.0%, 0.0%, 0.0%]"
B_attraction_anchor,1,9.993656203732826e-05,6.871103687444702e-05,3.1225526981870644e-05,0.0,0.0,0.6647708835341366,0.8407012550200803,0.2875,"[0.1%, 9.1%, 0.0%, 3.6%, 49.2%, 0.0%, 1.1%, 0.5%, 0.0%, 36.4%]"
B_attraction_anchor,2,0.0002935419324785471,3.725683563970961e-05,0.0002562851004768163,0.0,0.0,0.6079460843373494,0.7477633534136546,0.171,"[36.6%, 0.0%, 56.5%, 0.0%, 0.0%, 0.0%, 0.0%, 6.9%, 0.0%, 0.0%]"
B_attraction_anchor,3,0.004738337825983763,9.532220065011643e-05,0.004643015563488007,0.0,0.0,0.5867226907630523,0.7507094879518073,0.179,"[0.0%, 0.0%, 0.0%, 30.5%, 59.4%, 0.1%, 6.6%, 0.0%, 2.2%, 1.3%]"
B_attraction_anchor,4,7.40619252610486e-05,1.7734480934450403e-05,5.63274461455876e-05,0.0,0.0,0.6314617469879518,0.7828289658634539,0.1336,"[15.0%, 0.0%, 0.0%, 0.0%, 0.0%, 0.0%, 0.0%, 84.9%, 0.0%, 0.0%]"
B_attraction_anchor,5,0.002125120721757412,5.102182876726147e-05,0.002074098912999034,0.0,0.0,0.6005934236947792,0.7487779116465864,0.2028,"[0.0%, 0.0%, 0.0%, 67.5%, 11.7%, 0.0%, 1.4%, 0.0%, 19.4%, 0.0%]"
B_attraction_anchor,6,5.032918670622166e-05,1.21823618428607e-05,3.814682531810831e-05,0.0,0.0,0.6015983433734939,0.7567340863453815,0.1428,"[9.6%, 0.0%, 0.0%, 0.0%, 0.0%, 0.0%, 0.0%, 90.4%, 0.0%, 0.0%]"
B_attraction_anchor,7,0.0010085295070894063,3.1683586712460965e-05,0.0009768459422048181,0.0,0.0,0.5655004518072289,0.7006151606425703,0.1683,"[0.0%, 0.0%, 0.0%, 68.2%, 7.7%, 0.0%, 4.5%, 0.0%, 19.6%, 0.0%]"
B_attraction_anchor,8,1.9467486708890647e-05,7.793005806888686e-06,1.1674479992507258e-05,0.0,0.0,0.6284096887550201,0.7731151104417671,0.1536,"[0.9%, 0.0%, 82.3%, 0.0%, 0.0%, 16.8%, 0.0%, 0.0%, 0.0%, 0.0%]"
B_attraction_anchor,9,0.0005553368828259408,1.3876910998078529e-05,0.000541459972737357,0.0,0.0,0.5949251004016064,0.7562464859437751,0.1958,"[0.0%, 17.3%, 0.0%, 0.0%, 15.8%, 0.0%, 4.1%, 0.0%, 0.0%, 62.9%]"
B_attraction_anchor,10,2.94758483505575e-05,8.083848115347791e-06,2.1391999325715005e-05,0.0,0.0,0.5873378514056224,0.7466335341365462,0.1488,"[52.4%, 0.0%, 47.4%, 0.0%, 0.0%, 0.3%, 0.0%, 0.0%, 0.0%, 0.0%]"
C_attraction_repulsion,1,0.04568437480338616,6.871103687444702e-05,0.0,4.5615668296813965,0.04561566561460495,0.6700370983935743,0.8552828815261044,0.1462,"[7.3%, 7.4%, 4.3%, 7.8%, 29.4%, 12.8%, 7.4%, 8.2%, 7.4%, 8.0%]"
C_attraction_repulsion,2,0.08320950716733932,6.325237700366415e-05,0.0,8.314625263214111,0.08314625173807144,0.6925487449799197,0.8693382530120481,0.3013,"[0.0%, 0.0%, 0.0%, 91.8%, 7.8%, 0.0%, 0.0%, 0.0%, 0.3%, 0.0%]"
C_attraction_repulsion,3,0.042627930641174316,0.0002330735806026496,0.0,4.239485740661621,0.04239485785365105,0.6740598393574297,0.8044289658634538,0.2885,"[0.0%, 0.0%, 0.0%, 100.0%, 0.0%, 0.0%, 0.0%, 0.0%, 0.0%, 0.0%]"
C_attraction_repulsion,4,0.025962085463106632,0.0012696882477030158,0.0,2.469239830970764,0.024692397564649582,0.6602949799196787,0.7643732429718876,0.2861,"[0.0%, 0.0%, 0.0%, 100.0%, 0.0%, 0.0%, 0.0%, 0.0%, 0.0%, 0.0%]"
C_attraction_repulsion,5,0.019545783288776875,0.007126055890694261,0.0,1.2419728636741638,0.012419728096574545,0.6366091365461848,0.7282809738955823,0.2191,"[0.0%, 0.0%, 0.0%, 100.0%, 0.0%, 0.0%, 0.0%, 0.0%, 0.0%, 0.0%]"
C_attraction_repulsion,6,0.018576396629214287,0.0026375219458714128,0.0,1.593887448310852,0.01593887433409691,0.6306974397590361,0.7379305220883534,0.2338,"[0.0%, 0.0%, 0.0%, 100.0%, 0.0%, 0.0%, 0.0%, 0.0%, 0.0%, 0.0%]"
C_attraction_repulsion,7,0.021810980513691902,0.014791285153478384,0.0,0.7019695341587067,0.0070196951273828745,0.6188789156626506,0.728790562248996,0.2042,"[0.0%, 0.0%, 0.0%, 100.0%, 0.0%, 0.0%, 0.0%, 0.0%, 0.0%, 0.0%]"
C_attraction_repulsion,8,0.017654454335570335,0.002527836477383971,0.0,1.512661874294281,0.015126618556678295,0.6333525100401607,0.7334936244979919,0.2292,"[0.0%, 0.0%, 0.0%, 100.0%, 0.0%, 0.0%, 0.0%, 0.0%, 0.0%, 0.0%]"
C_attraction_repulsion,9,0.021801386028528214,0.015400671865791082,0.0,0.640071451663971,0.006400714395567775,0.6137182228915663,0.7229221887550201,0.206,"[0.0%, 0.0%, 0.0%, 100.0%, 0.0%, 0.0%, 0.0%, 0.0%, 0.0%, 0.0%]"
C_attraction_repulsion,10,0.01692014653235674,0.002469646860845387,0.0,1.4450500011444092,0.014450499787926674,0.6366895080321284,0.7370834337349397,0.2236,"[0.0%, 0.0%, 0.0%, 100.0%, 0.0%, 0.0%, 0.0%, 0.0%, 0.0%, 0.0%]"
D_full_fedanchor,1,0.04568741493494599,6.871103687444702e-05,3.1225526981870644e-05,4.558748245239258,0.04558748006820679,0.6410728915662651,0.8186193775100401,0.0702,"[5.2%, 9.2%, 2.2%, 1.6%, 24.6%, 18.6%, 0.7%, 15.9%, 3.1%, 18.9%]"
D_full_fedanchor,2,0.08643057942390442,5.8633950175135396e-05,8.397338388022035e-05,8.62879753112793,0.086287971585989,0.6583270080321285,0.844745532128514,0.2302,"[0.0%, 92.0%, 0.0%, 0.0%, 0.0%, 0.0%, 0.0%, 5.9%, 0.0%, 2.1%]"
D_full_fedanchor,3,0.05521657504141331,0.00022068592079449445,0.01016567787155509,4.483021020889282,0.044830210506916046,0.6404177710843373,0.7968625,0.2794,"[0.0%, 0.5%, 0.0%, 0.1%, 29.9%, 0.0%, 0.0%, 0.0%, 0.0%, 69.6%]"
D_full_fedanchor,4,0.05907377973198891,5.877846706425771e-05,0.003170081996358931,5.584491968154907,0.05584491789340973,0.6244943775100402,0.778464407630522,0.2369,"[0.0%, 0.0%, 0.0%, 0.0%, 26.3%, 0.0%, 0.0%, 0.0%, 0.0%, 73.7%]"
D_full_fedanchor,5,0.06504373997449875,0.0002812071470543742,0.029116084799170494,3.5646448135375977,0.03564644791185856,0.6167583333333333,0.7868677710843374,0.243,"[0.0%, 0.2%, 0.0%, 0.0%, 0.0%, 0.0%, 0.0%, 0.0%, 0.0%, 99.7%]"
D_full_fedanchor,6,0.05696713551878929,3.247953827667516e-05,0.003648993675597012,5.328566551208496,0.053285663947463036,0.6281600903614457,0.7978303714859438,0.2425,"[0.0%, 0.0%, 0.0%, 0.0%, 0.0%, 0.0%, 0.0%, 0.0%, 0.0%, 100.0%]"
D_full_fedanchor,7,0.06017965450882912,0.00017851645679911599,0.022919797338545322,3.708134174346924,0.037081340327858925,0.6176701305220884,0.8001291666666667,0.2398,"[0.0%, 3.8%, 0.0%, 0.0%, 0.0%, 0.0%, 0.0%, 0.0%, 0.0%, 96.2%]"
D_full_fedanchor,8,0.05640699341893196,2.7095880795968696e-05,0.0033978006104007363,5.29820990562439,0.05298209749162197,0.6407711847389559,0.7961669176706827,0.245,"[0.0%, 2.8%, 0.0%, 0.0%, 0.0%, 0.0%, 0.0%, 0.0%, 0.0%, 97.2%]"
D_full_fedanchor,9,0.05697498843073845,0.00013513115845853463,0.018180587328970432,3.86592698097229,0.038659268990159035,0.6163974397590362,0.7983076305220884,0.2186,"[0.0%, 6.7%, 0.0%, 0.0%, 0.0%, 0.0%, 0.0%, 0.0%, 0.0%, 93.3%]"
D_full_fedanchor,10,0.055982792750000954,2.0555471564875916e-05,0.0031848486978560686,5.27773904800415,0.05277738906443119,0.6381564257028112,0.7939885542168674,0.2244,"[0.0%, 51.0%, 0.0%, 0.0%, 0.0%, 0.0%, 0.0%, 0.0%, 0.0%, 49.0%]"
