round,loss,attraction,anchor_loss,repulsion_raw,repulsion_scaled,trustworthiness,continuity,knn_accuracy,anchor_utilization,mean_nearest_anchor_distance,max_nearest_anchor_distance,runtime_seconds,total_upload_bytes,total_download_bytes
1,0.04568741493494599,6.871103687444702e-05,3.1225526981870644e-05,4.558748245239258,0.04558748006820679,0.6410728915662651,0.8186193273092369,0.2815,"[5.2%, 9.2%, 2.2%, 1.6%, 24.6%, 18.6%, 0.7%, 15.9%, 3.1%, 18.9%]",0.04122673720121384,0.24823127686977386,2.611757278442383,4531296,4531296
2,0.08643057569861412,5.863396108907182e-05,8.397338388022035e-05,8.628797054290771,0.0862879678606987,0.6613853413654618,0.8439291164658634,0.2695,"[0.0%, 92.0%, 0.0%, 0.0%, 0.0%, 0.0%, 0.0%, 5.9%, 0.0%, 2.1%]",0.09947415441274643,0.19368407130241394,2.1621572971343994,4531296,4531296
3,0.05521656759083271,0.0002206856879638508,0.010165629908442497,4.483025312423706,0.04483025148510933,0.6455218875502008,0.7985496987951808,0.3075,"[0.0%, 0.5%, 0.0%, 0.1%, 29.9%, 0.0%, 0.0%, 0.0%, 0.0%, 69.6%]",0.05492031201720238,0.1041514053940773,2.0552749633789062,4531296,4531296
4,0.05907353386282921,5.878259617020376e-05,0.0031702894484624267,5.58444619178772,0.05584446154534817,0.6250655120481927,0.7825793172690763,0.2205,"[0.0%, 0.0%, 0.0%, 0.0%, 26.3%, 0.0%, 0.0%, 0.0%, 0.0%, 73.7%]",0.16701436042785645,0.3455235958099365,2.0248916149139404,4531296,4531296
5,0.06504663079977036,0.00028127020050305873,0.02912004105746746,3.564531922340393,0.035645319148898125,0.6340819277108434,0.7943964357429719,0.2345,"[0.0%, 0.2%, 0.0%, 0.0%, 0.0%, 0.0%, 0.0%, 0.0%, 0.0%, 99.7%]",0.05992138758301735,0.09350555390119553,1.992908000946045,4531296,4531296
6,0.05696767568588257,3.2506572097190656e-05,0.0036494203377515078,5.328575134277344,0.0532857496291399,0.6327710341365462,0.797971937751004,0.2615,"[0.0%, 0.0%, 0.0%, 0.0%, 0.0%, 0.0%, 0.0%, 0.0%, 0.0%, 100.0%]",0.14919550716876984,0.27668389678001404,2.3025434017181396,4531296,4531296
7,0.06018284149467945,0.00017855757323559374,0.022923683747649193,3.7080599069595337,0.03708059899508953,0.6162880020080321,0.7944328815261044,0.2315,"[0.0%, 3.7%, 0.0%, 0.0%, 0.0%, 0.0%, 0.0%, 0.0%, 0.0%, 96.3%]",0.05799093097448349,0.08347746729850769,1.9599573612213135,4531296,4531296
8,0.05640551634132862,2.709761156438617e-05,0.0034003695473074913,5.297805070877075,0.05297804810106754,0.6353940763052208,0.8011380522088354,0.2585,"[0.0%, 2.6%, 0.0%, 0.0%, 0.0%, 0.0%, 0.0%, 0.0%, 0.0%, 97.4%]",0.13312256336212158,0.25267261266708374,1.7958695888519287,4531296,4531296
9,0.05697895586490631,0.0001351633036392741,0.018186722882092,3.865707039833069,0.03865706920623779,0.6205214859437751,0.79699718875502,0.2235,"[0.0%, 6.5%, 0.0%, 0.0%, 0.0%, 0.0%, 0.0%, 0.0%, 0.0%, 93.5%]",0.0561830960214138,0.07954949885606766,2.005584478378296,4531296,4531296
10,0.055985668674111366,2.051701449090615e-05,0.0031830002553761005,5.278215169906616,0.052782149985432625,0.6367255020080321,0.7956622489959839,0.2235,"[0.0%, 49.9%, 0.0%, 0.0%, 0.0%, 0.0%, 0.0%, 0.0%, 0.0%, 50.1%]",0.12264599651098251,0.23527802526950836,1.8855056762695312,4531296,4531296
11,0.05522870272397995,0.00011487760639283806,0.015408895909786224,3.9704930782318115,0.039704930037260056,0.6166235441767068,0.7906944277108434,0.1995,"[0.0%, 6.8%, 0.0%, 0.0%, 0.0%, 0.0%, 0.0%, 0.0%, 0.0%, 93.2%]",0.05467083305120468,0.07900785654783249,1.8137907981872559,4531296,4531296
12,0.0556435901671648,1.9293007426313125e-05,0.003014659509062767,5.2609639167785645,0.0526096373796463,0.6294780622489959,0.7801411646586345,0.226,"[0.0%, 55.2%, 0.0%, 0.0%, 0.0%, 0.0%, 0.0%, 0.0%, 0.0%, 44.8%]",0.11449450999498367,0.22429855167865753,1.794884204864502,4531296,4531296
13,0.05411049351096153,0.00010443842256790958,0.013446795754134655,4.0559258460998535,0.04055925831198692,0.6201603413654618,0.7924481927710844,0.201,"[0.0%, 13.5%, 0.0%, 0.0%, 0.0%, 0.0%, 0.0%, 0.0%, 0.0%, 86.5%]",0.051943618804216385,0.07287389785051346,1.854853630065918,4531296,4531296
14,0.05549052730202675,1.630206224945141e-05,0.0027166351210325956,5.275759220123291,0.052757591009140015,0.6301953313253013,0.7782156124497992,0.233,"[0.0%, 79.3%, 0.0%, 0.0%, 0.0%, 0.0%, 0.0%, 0.0%, 0.0%, 20.7%]",0.10902538895606995,0.2134423702955246,1.7986385822296143,4531296,4531296
15,0.05328667163848877,9.341152326669544e-05,0.012178168166428804,4.10150933265686,0.04101509228348732,0.6384939257028113,0.8076701305220884,0.2275,"[0.0%, 12.6%, 0.0%, 0.0%, 0.0%, 0.0%, 0.0%, 0.0%, 0.0%, 87.4%]",0.05152297765016556,0.07637252658605576,1.9271225929260254,4531296,4531296
16,0.05501486547291279,1.633000010770047e-05,0.002679397235624492,5.231913805007935,0.05231913737952709,0.6262237449799197,0.7922094879518072,0.232,"[0.0%, 65.2%, 0.0%, 0.0%, 0.0%, 0.0%, 0.0%, 0.0%, 0.0%, 34.8%]",0.10855869203805923,0.2104983925819397,1.8213403224945068,4531296,4531296
17,0.052888210862874985,8.833249376039021e-05,0.012049781158566475,4.07500958442688,0.04075009562075138,0.6299289658634538,0.7937863453815261,0.1925,"[0.0%, 10.1%, 0.0%, 0.0%, 0.0%, 0.0%, 0.0%, 0.0%, 0.0%, 89.9%]",0.04999181628227234,0.07524488121271133,1.9970300197601318,4531296,4531296
18,0.05473610572516918,1.6146095731528476e-05,0.00252162863034755,5.219833135604858,0.05219832994043827,0.6262083333333333,0.7924203313253012,0.2145,"[0.0%, 47.2%, 0.0%, 0.0%, 0.0%, 0.0%, 0.0%, 0.0%, 0.0%, 52.8%]",0.10406961292028427,0.20081612467765808,1.8789606094360352,4531296,4531296
19,0.052257850766181946,8.076050289673731e-05,0.011063475161790848,4.111361503601074,0.04111361503601074,0.6158794176706828,0.7736452309236947,0.2,"[0.0%, 32.8%, 0.0%, 0.0%, 0.0%, 0.0%, 0.0%, 0.0%, 0.0%, 67.2%]",0.04851742833852768,0.07378758490085602,1.8520784378051758,4531296,4531296
20,0.0543707050383091,1.7746809135132935e-05,0.002372144372202456,5.1980814933776855,0.05198081396520138,0.6256883534136546,0.7642067269076305,0.205,"[0.0%, 99.0%, 0.0%, 0.0%, 0.0%, 0.0%, 0.0%, 0.0%, 0.0%, 1.0%]",0.10378462076187134,0.20436546206474304,1.865804672241211,4531296,4531296
